step,val_loss,epoch,train_loss
4049,6.820754051208496,80,
4049,,80,6.625067710876465
4099,6.938602447509766,81,
4099,,81,6.585137844085693
4149,7.278789043426514,82,
4149,,82,6.5535149574279785
4199,6.80211877822876,83,
4199,,83,6.533862113952637
4249,7.003273010253906,84,
4249,,84,6.5731658935546875
